{
  "model_name": "02a Stockwise",
  "layer1_overall": {
    "rmse": 0.39265045743578536,
    "qlike": 2.568678855432782,
    "r2_train_mean": 0.4851057003979067,
    "mz_alpha": -0.6147955138024028,
    "mz_beta": 0.856615313609009,
    "mz_r2": 0.5030713304131548,
    "pred_std_ratio": 0.8279973560951874,
    "spearman": 0.6968240479709636,
    "dm_stat_vs_har": -44.4007786543767,
    "dm_pvalue_vs_har": 0.0,
    "n_pairs": 2468770
  },
  "layer2_metrics": {
    "sharpe": 1.1188081000115337,
    "cagr": 13.205498654440738,
    "ann_vol": 11.755801049643992,
    "mdd": -18.12812718478095,
    "capm_alpha": 15.789010268226292,
    "capm_beta": -0.13068178314326312,
    "capm_t": 0.24211175341910557,
    "information_ratio": -0.08402492304360663,
    "sortino": 1.65739887636284,
    "calmar": 0.7284535528593991,
    "hit_rate": 64.70588235294117,
    "skew": -0.1954613534611971,
    "kurt": 1.7873618424172633,
    "cvar_5": -6.844143452906272,
    "var_5": -4.413663393032366,
    "turnover": null,
    "top10_concentration": null,
    "n_months": 204
  },
  "layer3_metrics": {
    "low_vol_hit_rate": 0.7245319140840353,
    "high_vol_hit_rate": 0.7485918620927894,
    "rank_consistency_mean": 0.8087903350863694,
    "p_matrix_turnover_mean": 0.08542317054191628
  }
}