{
  "phase": "Phase 3-2 §2-B (final 통합)",
  "n_tickers_503": 503,
  "anova": {
    "eta_sq_period": 0.44975722882267616,
    "eta_sq_ticker": 0.19444004090076417,
    "F_period": 634.5598548203658,
    "F_ticker": 2.1859308471256433
  },
  "welch_anova": {
    "levene_stat": 16.777221881549394,
    "levene_p": 1.4004788219872036e-13,
    "welch_F": 420.5864573350606,
    "welch_p": 1.1102230246251565e-16
  },
  "kruskal_wallis": {
    "H": 97.2995584622181,
    "p_value": 2.808514258612366e-13,
    "epsilon_sq": 0.16556609992209917
  },
  "pairwise": {
    "n_total": 153,
    "n_sig_bonferroni": 24,
    "n_large_d": 24
  },
  "heavy_tail": {
    "skewness": 1.2993494658082332,
    "excess_kurtosis": 4.705553407353376,
    "jb_stat": 605.6008712641503,
    "jb_p": 3.1292602762012194e-132,
    "ad_stat": 4.886381365089733
  },
  "academic_propositions": {
    "prop1_period_systematic": true,
    "prop2_heavy_tail": true,
    "prop3_sector_effect": true,
    "prop4_covid_sector_specific": true,
    "all_pass": true
  },
  "reproducibility": {
    "random_seed": 42
  }
}