{
  "BL_ml_sw_mcap": {
    "sharpe_raw": 1.0823580784220972,
    "annual_ret": 12.568785645057076,
    "ann_vol": 11.612409881377085,
    "mdd": -18.288412707881463,
    "cagr": 12.573423653479953,
    "n_months": 192.0
  },
  "BL_ml_sw_eq": {
    "sharpe_raw": 1.1400381275822091,
    "annual_ret": 12.663347934062418,
    "ann_vol": 11.107828438088141,
    "mdd": -16.860559853865432,
    "cagr": 12.73839980567828,
    "n_months": 192.0
  },
  "BL_ml_sw_rp": {
    "sharpe_raw": 1.1348452742387576,
    "annual_ret": 12.573248576007416,
    "ann_vol": 11.079262399397502,
    "mdd": -16.727562418713116,
    "cagr": 12.641235412755991,
    "n_months": 192.0
  },
  "BL_ml_cs": {
    "sharpe_raw": 1.0942247692149045,
    "annual_ret": 12.329671775957,
    "ann_vol": 11.26795163374287,
    "mdd": -17.548988147311995,
    "cagr": 12.34683244723831,
    "n_months": 192.0
  },
  "BL_trailing_mcap": {
    "sharpe_raw": 1.2028367768179715,
    "annual_ret": 13.744767381517114,
    "ann_vol": 11.426959705936184,
    "mdd": -16.70935196405292,
    "cagr": 13.91453742368558,
    "n_months": 192.0
  },
  "BL_trailing_eq": {
    "sharpe_raw": 1.1611347852939422,
    "annual_ret": 12.65147437385153,
    "ann_vol": 10.895784480910887,
    "mdd": -15.944178196612436,
    "cagr": 12.75227339407885,
    "n_months": 192.0
  },
  "BL_trailing_rp": {
    "sharpe_raw": 1.158425235957889,
    "annual_ret": 12.614764898083692,
    "ann_vol": 10.88958053270713,
    "mdd": -16.143031580953494,
    "cagr": 12.712174064332782,
    "n_months": 192.0
  },
  "EqualWeight": {
    "sharpe_raw": 0.8855450662726368,
    "annual_ret": 13.923332731401771,
    "ann_vol": 15.722895718912097,
    "mdd": -26.78444940116359,
    "cagr": 13.45441790108659,
    "n_months": 192.0
  },
  "McapWeight": {
    "sharpe_raw": 1.0444890862159137,
    "annual_ret": 15.0023373584563,
    "ann_vol": 14.363326105022661,
    "mdd": -24.371166377239096,
    "cagr": 14.906925944744698,
    "n_months": 192.0
  },
  "SPY": {
    "sharpe_raw": 1.013331769671598,
    "annual_ret": 14.51549801413865,
    "ann_vol": 14.324526723210163,
    "mdd": -23.92717878230807,
    "cagr": 14.360375128297553,
    "n_months": 191.0
  }
}